inner_choice,P,gap_mm,AWG,N_turns,R_coil_ohm,Bg_T,Phi_Wb,RPM,f_Hz,Voc_peak_V,Voc_rms_V,I_led_mA,FoM
inner_D20x5,6,1.0,28,838,109.27,0.3405,7.4875e-05,60,3.0,3.016,2.133,1.65,0.37647
inner_D20x5,6,1.0,28,838,109.27,0.3405,7.4875e-05,90,4.5,4.524,3.199,7.26,0.37647
inner_D20x5,6,1.0,28,838,109.27,0.3405,7.4875e-05,120,6.0,6.032,4.265,12.86,0.37647
inner_D20x5,6,1.0,28,838,109.27,0.3405,7.4875e-05,150,7.5,7.54,5.331,18.47,0.37647
inner_D20x5,6,1.0,28,838,109.27,0.3405,7.4875e-05,180,9.0,9.048,6.398,24.07,0.37647
inner_D20x5,6,1.0,28,838,109.27,0.3405,7.4875e-05,210,10.5,10.556,7.464,29.68,0.37647
inner_D20x5,6,1.0,28,838,109.27,0.3405,7.4875e-05,240,12.0,12.064,8.53,35.28,0.37647
inner_D20x5,6,1.0,28,838,109.27,0.3405,7.4875e-05,270,13.5,13.572,9.597,40.89,0.37647
inner_D20x5,6,1.0,28,838,109.27,0.3405,7.4875e-05,300,15.0,15.08,10.663,46.49,0.37647
inner_D20x5,6,1.0,28,838,109.27,0.3405,7.4875e-05,330,16.5,16.588,11.729,52.09,0.37647
inner_D20x5,6,1.0,28,838,109.27,0.3405,7.4875e-05,360,18.0,18.096,12.795,57.7,0.37647
inner_D20x5,6,1.0,28,838,109.27,0.3405,7.4875e-05,390,19.5,19.603,13.862,63.3,0.37647
inner_D20x5,6,1.0,28,838,109.27,0.3405,7.4875e-05,420,21.0,21.111,14.928,68.91,0.37647
inner_D20x5,6,1.0,28,838,109.27,0.3405,7.4875e-05,450,22.5,22.619,15.994,74.51,0.37647
inner_D20x5,6,1.0,28,838,109.27,0.3405,7.4875e-05,480,24.0,24.127,17.061,80.12,0.37647
inner_D20x5,6,1.0,28,838,109.27,0.3405,7.4875e-05,510,25.5,25.635,18.127,85.72,0.37647
inner_D20x5,6,1.0,28,838,109.27,0.3405,7.4875e-05,540,27.0,27.143,19.193,91.33,0.37647
inner_D20x5,6,1.0,28,838,109.27,0.3405,7.4875e-05,570,28.5,28.651,20.259,96.93,0.37647
inner_D20x5,6,1.0,28,838,109.27,0.3405,7.4875e-05,600,30.0,30.159,21.326,102.54,0.37647
inner_D20x5,6,1.0,26,501,41.09,0.3405,7.4875e-05,60,3.0,1.803,1.275,0.0,0.225073
inner_D20x5,6,1.0,26,501,41.09,0.3405,7.4875e-05,90,4.5,2.705,1.912,0.73,0.225073
inner_D20x5,6,1.0,26,501,41.09,0.3405,7.4875e-05,120,6.0,3.606,2.55,5.71,0.225073
inner_D20x5,6,1.0,26,501,41.09,0.3405,7.4875e-05,150,7.5,4.508,3.187,10.68,0.225073
inner_D20x5,6,1.0,26,501,41.09,0.3405,7.4875e-05,180,9.0,5.409,3.825,15.65,0.225073
inner_D20x5,6,1.0,26,501,41.09,0.3405,7.4875e-05,210,10.5,6.311,4.462,20.62,0.225073
inner_D20x5,6,1.0,26,501,41.09,0.3405,7.4875e-05,240,12.0,7.212,5.1,25.59,0.225073
inner_D20x5,6,1.0,26,501,41.09,0.3405,7.4875e-05,270,13.5,8.114,5.737,30.56,0.225073
inner_D20x5,6,1.0,26,501,41.09,0.3405,7.4875e-05,300,15.0,9.015,6.375,35.53,0.225073
inner_D20x5,6,1.0,26,501,41.09,0.3405,7.4875e-05,330,16.5,9.917,7.012,40.5,0.225073
inner_D20x5,6,1.0,26,501,41.09,0.3405,7.4875e-05,360,18.0,10.818,7.65,45.47,0.225073
inner_D20x5,6,1.0,26,501,41.09,0.3405,7.4875e-05,390,19.5,11.72,8.287,50.44,0.225073
inner_D20x5,6,1.0,26,501,41.09,0.3405,7.4875e-05,420,21.0,12.622,8.925,55.41,0.225073
inner_D20x5,6,1.0,26,501,41.09,0.3405,7.4875e-05,450,22.5,13.523,9.562,60.38,0.225073
inner_D20x5,6,1.0,26,501,41.09,0.3405,7.4875e-05,480,24.0,14.425,10.2,65.35,0.225073
inner_D20x5,6,1.0,26,501,41.09,0.3405,7.4875e-05,510,25.5,15.326,10.837,70.32,0.225073
inner_D20x5,6,1.0,26,501,41.09,0.3405,7.4875e-05,540,27.0,16.228,11.475,75.29,0.225073
inner_D20x5,6,1.0,26,501,41.09,0.3405,7.4875e-05,570,28.5,17.129,12.112,80.26,0.225073
inner_D20x5,6,1.0,26,501,41.09,0.3405,7.4875e-05,600,30.0,18.031,12.75,85.23,0.225073
inner_D20x5,6,2.0,28,838,110.39,0.3109,6.8364e-05,60,3.0,2.754,1.947,0.67,0.343733
inner_D20x5,6,2.0,28,838,110.39,0.3109,6.8364e-05,90,4.5,4.131,2.921,5.76,0.343733
inner_D20x5,6,2.0,28,838,110.39,0.3109,6.8364e-05,120,6.0,5.507,3.894,10.85,0.343733
inner_D20x5,6,2.0,28,838,110.39,0.3109,6.8364e-05,150,7.5,6.884,4.868,15.94,0.343733
inner_D20x5,6,2.0,28,838,110.39,0.3109,6.8364e-05,180,9.0,8.261,5.841,21.03,0.343733
inner_D20x5,6,2.0,28,838,110.39,0.3109,6.8364e-05,210,10.5,9.638,6.815,26.12,0.343733
inner_D20x5,6,2.0,28,838,110.39,0.3109,6.8364e-05,240,12.0,11.015,7.789,31.21,0.343733
inner_D20x5,6,2.0,28,838,110.39,0.3109,6.8364e-05,270,13.5,12.392,8.762,36.31,0.343733
inner_D20x5,6,2.0,28,838,110.39,0.3109,6.8364e-05,300,15.0,13.768,9.736,41.4,0.343733
inner_D20x5,6,2.0,28,838,110.39,0.3109,6.8364e-05,330,16.5,15.145,10.709,46.49,0.343733
inner_D20x5,6,2.0,28,838,110.39,0.3109,6.8364e-05,360,18.0,16.522,11.683,51.58,0.343733
inner_D20x5,6,2.0,28,838,110.39,0.3109,6.8364e-05,390,19.5,17.899,12.656,56.67,0.343733
inner_D20x5,6,2.0,28,838,110.39,0.3109,6.8364e-05,420,21.0,19.276,13.63,61.76,0.343733
inner_D20x5,6,2.0,28,838,110.39,0.3109,6.8364e-05,450,22.5,20.653,14.604,66.85,0.343733
inner_D20x5,6,2.0,28,838,110.39,0.3109,6.8364e-05,480,24.0,22.029,15.577,71.94,0.343733
inner_D20x5,6,2.0,28,838,110.39,0.3109,6.8364e-05,510,25.5,23.406,16.551,77.03,0.343733
inner_D20x5,6,2.0,28,838,110.39,0.3109,6.8364e-05,540,27.0,24.783,17.524,82.12,0.343733
inner_D20x5,6,2.0,28,838,110.39,0.3109,6.8364e-05,570,28.5,26.16,18.498,87.21,0.343733
inner_D20x5,6,2.0,28,838,110.39,0.3109,6.8364e-05,600,30.0,27.537,19.471,92.3,0.343733
inner_D20x5,6,2.0,26,501,41.51,0.3109,6.8364e-05,60,3.0,1.646,1.164,0.0,0.205502
inner_D20x5,6,2.0,26,501,41.51,0.3109,6.8364e-05,90,4.5,2.469,1.746,0.0,0.205502
inner_D20x5,6,2.0,26,501,41.51,0.3109,6.8364e-05,120,6.0,3.293,2.328,3.96,0.205502
inner_D20x5,6,2.0,26,501,41.51,0.3109,6.8364e-05,150,7.5,4.116,2.91,8.49,0.205502
inner_D20x5,6,2.0,26,501,41.51,0.3109,6.8364e-05,180,9.0,4.939,3.492,13.01,0.205502
inner_D20x5,6,2.0,26,501,41.51,0.3109,6.8364e-05,210,10.5,5.762,4.074,17.54,0.205502
inner_D20x5,6,2.0,26,501,41.51,0.3109,6.8364e-05,240,12.0,6.585,4.656,22.06,0.205502
inner_D20x5,6,2.0,26,501,41.51,0.3109,6.8364e-05,270,13.5,7.408,5.238,26.59,0.205502
inner_D20x5,6,2.0,26,501,41.51,0.3109,6.8364e-05,300,15.0,8.231,5.82,31.11,0.205502
inner_D20x5,6,2.0,26,501,41.51,0.3109,6.8364e-05,330,16.5,9.055,6.403,35.64,0.205502
inner_D20x5,6,2.0,26,501,41.51,0.3109,6.8364e-05,360,18.0,9.878,6.985,40.16,0.205502
inner_D20x5,6,2.0,26,501,41.51,0.3109,6.8364e-05,390,19.5,10.701,7.567,44.69,0.205502
inner_D20x5,6,2.0,26,501,41.51,0.3109,6.8364e-05,420,21.0,11.524,8.149,49.21,0.205502
inner_D20x5,6,2.0,26,501,41.51,0.3109,6.8364e-05,450,22.5,12.347,8.731,53.73,0.205502
inner_D20x5,6,2.0,26,501,41.51,0.3109,6.8364e-05,480,24.0,13.17,9.313,58.26,0.205502
inner_D20x5,6,2.0,26,501,41.51,0.3109,6.8364e-05,510,25.5,13.993,9.895,62.78,0.205502
inner_D20x5,6,2.0,26,501,41.51,0.3109,6.8364e-05,540,27.0,14.817,10.477,67.31,0.205502
inner_D20x5,6,2.0,26,501,41.51,0.3109,6.8364e-05,570,28.5,15.64,11.059,71.83,0.205502
inner_D20x5,6,2.0,26,501,41.51,0.3109,6.8364e-05,600,30.0,16.463,11.641,76.36,0.205502
inner_D20x5,6,3.0,28,838,111.51,0.286,6.2895e-05,60,3.0,2.533,1.791,0.0,0.316234
inner_D20x5,6,3.0,28,838,111.51,0.286,6.2895e-05,90,4.5,3.8,2.687,4.52,0.316234
inner_D20x5,6,3.0,28,838,111.51,0.286,6.2895e-05,120,6.0,5.067,3.583,9.18,0.316234
inner_D20x5,6,3.0,28,838,111.51,0.286,6.2895e-05,150,7.5,6.333,4.478,13.83,0.316234
inner_D20x5,6,3.0,28,838,111.51,0.286,6.2895e-05,180,9.0,7.6,5.374,18.49,0.316234
inner_D20x5,6,3.0,28,838,111.51,0.286,6.2895e-05,210,10.5,8.867,6.27,23.15,0.316234
inner_D20x5,6,3.0,28,838,111.51,0.286,6.2895e-05,240,12.0,10.133,7.165,27.81,0.316234
inner_D20x5,6,3.0,28,838,111.51,0.286,6.2895e-05,270,13.5,11.4,8.061,32.47,0.316234
inner_D20x5,6,3.0,28,838,111.51,0.286,6.2895e-05,300,15.0,12.667,8.957,37.13,0.316234
inner_D20x5,6,3.0,28,838,111.51,0.286,6.2895e-05,330,16.5,13.934,9.853,41.78,0.316234
inner_D20x5,6,3.0,28,838,111.51,0.286,6.2895e-05,360,18.0,15.2,10.748,46.44,0.316234
inner_D20x5,6,3.0,28,838,111.51,0.286,6.2895e-05,390,19.5,16.467,11.644,51.1,0.316234
inner_D20x5,6,3.0,28,838,111.51,0.286,6.2895e-05,420,21.0,17.734,12.54,55.76,0.316234
inner_D20x5,6,3.0,28,838,111.51,0.286,6.2895e-05,450,22.5,19.0,13.435,60.42,0.316234
inner_D20x5,6,3.0,28,838,111.51,0.286,6.2895e-05,480,24.0,20.267,14.331,65.07,0.316234
inner_D20x5,6,3.0,28,838,111.51,0.286,6.2895e-05,510,25.5,21.534,15.227,69.73,0.316234
inner_D20x5,6,3.0,28,838,111.51,0.286,6.2895e-05,540,27.0,22.8,16.122,74.39,0.316234
inner_D20x5,6,3.0,28,838,111.51,0.286,6.2895e-05,570,28.5,24.067,17.018,79.05,0.316234
inner_D20x5,6,3.0,28,838,111.51,0.286,6.2895e-05,600,30.0,25.334,17.914,83.71,0.316234
inner_D20x5,6,3.0,26,501,41.93,0.286,6.2895e-05,60,3.0,1.515,1.071,0.0,0.189061
inner_D20x5,6,3.0,26,501,41.93,0.286,6.2895e-05,90,4.5,2.272,1.606,0.0,0.189061
inner_D20x5,6,3.0,26,501,41.93,0.286,6.2895e-05,120,6.0,3.029,2.142,2.51,0.189061
inner_D20x5,6,3.0,26,501,41.93,0.286,6.2895e-05,150,7.5,3.786,2.677,6.66,0.189061
inner_D20x5,6,3.0,26,501,41.93,0.286,6.2895e-05,180,9.0,4.544,3.213,10.81,0.189061
inner_D20x5,6,3.0,26,501,41.93,0.286,6.2895e-05,210,10.5,5.301,3.748,14.96,0.189061
inner_D20x5,6,3.0,26,501,41.93,0.286,6.2895e-05,240,12.0,6.058,4.284,19.11,0.189061
inner_D20x5,6,3.0,26,501,41.93,0.286,6.2895e-05,270,13.5,6.816,4.819,23.26,0.189061
inner_D20x5,6,3.0,26,501,41.93,0.286,6.2895e-05,300,15.0,7.573,5.355,27.41,0.189061
inner_D20x5,6,3.0,26,501,41.93,0.286,6.2895e-05,330,16.5,8.33,5.89,31.56,0.189061
inner_D20x5,6,3.0,26,501,41.93,0.286,6.2895e-05,360,18.0,9.087,6.426,35.71,0.189061
inner_D20x5,6,3.0,26,501,41.93,0.286,6.2895e-05,390,19.5,9.845,6.961,39.86,0.189061
inner_D20x5,6,3.0,26,501,41.93,0.286,6.2895e-05,420,21.0,10.602,7.497,44.01,0.189061
inner_D20x5,6,3.0,26,501,41.93,0.286,6.2895e-05,450,22.5,11.359,8.032,48.16,0.189061
inner_D20x5,6,3.0,26,501,41.93,0.286,6.2895e-05,480,24.0,12.117,8.568,52.31,0.189061
inner_D20x5,6,3.0,26,501,41.93,0.286,6.2895e-05,510,25.5,12.874,9.103,56.46,0.189061
inner_D20x5,6,3.0,26,501,41.93,0.286,6.2895e-05,540,27.0,13.631,9.639,60.61,0.189061
inner_D20x5,6,3.0,26,501,41.93,0.286,6.2895e-05,570,28.5,14.389,10.174,64.76,0.189061
inner_D20x5,6,3.0,26,501,41.93,0.286,6.2895e-05,600,30.0,15.146,10.71,68.91,0.189061
inner_D20x5,8,1.0,28,838,131.35,0.3405,7.4875e-05,60,4.0,5.362,3.791,9.38,0.501959
inner_D20x5,8,1.0,28,838,131.35,0.3405,7.4875e-05,90,6.0,8.042,5.687,18.39,0.501959
inner_D20x5,8,1.0,28,838,131.35,0.3405,7.4875e-05,120,8.0,10.723,7.583,27.41,0.501959
inner_D20x5,8,1.0,28,838,131.35,0.3405,7.4875e-05,150,10.0,13.404,9.478,36.42,0.501959
inner_D20x5,8,1.0,28,838,131.35,0.3405,7.4875e-05,180,12.0,16.085,11.374,45.43,0.501959
inner_D20x5,8,1.0,28,838,131.35,0.3405,7.4875e-05,210,14.0,18.766,13.269,54.45,0.501959
inner_D20x5,8,1.0,28,838,131.35,0.3405,7.4875e-05,240,16.0,21.447,15.165,63.46,0.501959
inner_D20x5,8,1.0,28,838,131.35,0.3405,7.4875e-05,270,18.0,24.127,17.061,72.47,0.501959
inner_D20x5,8,1.0,28,838,131.35,0.3405,7.4875e-05,300,20.0,26.808,18.956,81.49,0.501959
inner_D20x5,8,1.0,28,838,131.35,0.3405,7.4875e-05,330,22.0,29.489,20.852,90.5,0.501959
inner_D20x5,8,1.0,28,838,131.35,0.3405,7.4875e-05,360,24.0,32.17,22.748,99.51,0.501959
inner_D20x5,8,1.0,28,838,131.35,0.3405,7.4875e-05,390,26.0,34.851,24.643,108.53,0.501959
inner_D20x5,8,1.0,28,838,131.35,0.3405,7.4875e-05,420,28.0,37.531,26.539,117.54,0.501959
inner_D20x5,8,1.0,28,838,131.35,0.3405,7.4875e-05,450,30.0,40.212,28.434,126.55,0.501959
inner_D20x5,8,1.0,28,838,131.35,0.3405,7.4875e-05,480,32.0,42.893,30.33,135.57,0.501959
inner_D20x5,8,1.0,28,838,131.35,0.3405,7.4875e-05,510,34.0,45.574,32.226,144.58,0.501959
inner_D20x5,8,1.0,28,838,131.35,0.3405,7.4875e-05,540,36.0,48.255,34.121,153.59,0.501959
inner_D20x5,8,1.0,28,838,131.35,0.3405,7.4875e-05,570,38.0,50.936,36.017,162.61,0.501959
inner_D20x5,8,1.0,28,838,131.35,0.3405,7.4875e-05,600,40.0,53.616,37.913,171.62,0.501959
inner_D20x5,8,1.0,26,501,49.39,0.3405,7.4875e-05,60,4.0,3.205,2.267,3.3,0.300097
inner_D20x5,8,1.0,26,501,49.39,0.3405,7.4875e-05,90,6.0,4.808,3.4,11.65,0.300097
inner_D20x5,8,1.0,26,501,49.39,0.3405,7.4875e-05,120,8.0,6.411,4.533,19.99,0.300097
inner_D20x5,8,1.0,26,501,49.39,0.3405,7.4875e-05,150,10.0,8.014,5.667,28.34,0.300097
inner_D20x5,8,1.0,26,501,49.39,0.3405,7.4875e-05,180,12.0,9.616,6.8,36.68,0.300097
inner_D20x5,8,1.0,26,501,49.39,0.3405,7.4875e-05,210,14.0,11.219,7.933,45.03,0.300097
inner_D20x5,8,1.0,26,501,49.39,0.3405,7.4875e-05,240,16.0,12.822,9.066,53.37,0.300097
inner_D20x5,8,1.0,26,501,49.39,0.3405,7.4875e-05,270,18.0,14.425,10.2,61.72,0.300097
inner_D20x5,8,1.0,26,501,49.39,0.3405,7.4875e-05,300,20.0,16.027,11.333,70.06,0.300097
inner_D20x5,8,1.0,26,501,49.39,0.3405,7.4875e-05,330,22.0,17.63,12.466,78.41,0.300097
inner_D20x5,8,1.0,26,501,49.39,0.3405,7.4875e-05,360,24.0,19.233,13.6,86.75,0.300097
inner_D20x5,8,1.0,26,501,49.39,0.3405,7.4875e-05,390,26.0,20.836,14.733,95.1,0.300097
inner_D20x5,8,1.0,26,501,49.39,0.3405,7.4875e-05,420,28.0,22.438,15.866,103.44,0.300097
inner_D20x5,8,1.0,26,501,49.39,0.3405,7.4875e-05,450,30.0,24.041,17.0,111.79,0.300097
inner_D20x5,8,1.0,26,501,49.39,0.3405,7.4875e-05,480,32.0,25.644,18.133,120.13,0.300097
inner_D20x5,8,1.0,26,501,49.39,0.3405,7.4875e-05,510,34.0,27.246,19.266,128.48,0.300097
inner_D20x5,8,1.0,26,501,49.39,0.3405,7.4875e-05,540,36.0,28.849,20.399,136.82,0.300097
inner_D20x5,8,1.0,26,501,49.39,0.3405,7.4875e-05,570,38.0,30.452,21.533,145.17,0.300097
inner_D20x5,8,1.0,26,501,49.39,0.3405,7.4875e-05,600,40.0,32.055,22.666,153.51,0.300097
inner_D20x5,8,2.0,28,838,132.46,0.3109,6.8364e-05,60,4.0,4.895,3.462,7.78,0.458311
inner_D20x5,8,2.0,28,838,132.46,0.3109,6.8364e-05,90,6.0,7.343,5.192,15.97,0.458311
inner_D20x5,8,2.0,28,838,132.46,0.3109,6.8364e-05,120,8.0,9.791,6.923,24.16,0.458311
inner_D20x5,8,2.0,28,838,132.46,0.3109,6.8364e-05,150,10.0,12.239,8.654,32.35,0.458311
inner_D20x5,8,2.0,28,838,132.46,0.3109,6.8364e-05,180,12.0,14.686,10.385,40.54,0.458311
inner_D20x5,8,2.0,28,838,132.46,0.3109,6.8364e-05,210,14.0,17.134,12.116,48.73,0.458311
inner_D20x5,8,2.0,28,838,132.46,0.3109,6.8364e-05,240,16.0,19.582,13.846,56.92,0.458311
inner_D20x5,8,2.0,28,838,132.46,0.3109,6.8364e-05,270,18.0,22.029,15.577,65.11,0.458311
inner_D20x5,8,2.0,28,838,132.46,0.3109,6.8364e-05,300,20.0,24.477,17.308,73.3,0.458311
inner_D20x5,8,2.0,28,838,132.46,0.3109,6.8364e-05,330,22.0,26.925,19.039,81.49,0.458311
inner_D20x5,8,2.0,28,838,132.46,0.3109,6.8364e-05,360,24.0,29.372,20.769,89.68,0.458311
inner_D20x5,8,2.0,28,838,132.46,0.3109,6.8364e-05,390,26.0,31.82,22.5,97.87,0.458311
inner_D20x5,8,2.0,28,838,132.46,0.3109,6.8364e-05,420,28.0,34.268,24.231,106.06,0.458311
inner_D20x5,8,2.0,28,838,132.46,0.3109,6.8364e-05,450,30.0,36.716,25.962,114.25,0.458311
inner_D20x5,8,2.0,28,838,132.46,0.3109,6.8364e-05,480,32.0,39.163,27.693,122.44,0.458311
inner_D20x5,8,2.0,28,838,132.46,0.3109,6.8364e-05,510,34.0,41.611,29.423,130.63,0.458311
inner_D20x5,8,2.0,28,838,132.46,0.3109,6.8364e-05,540,36.0,44.059,31.154,138.82,0.458311
inner_D20x5,8,2.0,28,838,132.46,0.3109,6.8364e-05,570,38.0,46.506,32.885,147.01,0.458311
inner_D20x5,8,2.0,28,838,132.46,0.3109,6.8364e-05,600,40.0,48.954,34.616,155.19,0.458311
inner_D20x5,8,2.0,26,501,49.81,0.3109,6.8364e-05,60,4.0,2.927,2.07,1.85,0.274002
inner_D20x5,8,2.0,26,501,49.81,0.3109,6.8364e-05,90,6.0,4.39,3.104,9.44,0.274002
inner_D20x5,8,2.0,26,501,49.81,0.3109,6.8364e-05,120,8.0,5.853,4.139,17.04,0.274002
inner_D20x5,8,2.0,26,501,49.81,0.3109,6.8364e-05,150,10.0,7.317,5.174,24.64,0.274002
inner_D20x5,8,2.0,26,501,49.81,0.3109,6.8364e-05,180,12.0,8.78,6.209,32.24,0.274002
inner_D20x5,8,2.0,26,501,49.81,0.3109,6.8364e-05,210,14.0,10.244,7.243,39.84,0.274002
inner_D20x5,8,2.0,26,501,49.81,0.3109,6.8364e-05,240,16.0,11.707,8.278,47.43,0.274002
inner_D20x5,8,2.0,26,501,49.81,0.3109,6.8364e-05,270,18.0,13.17,9.313,55.03,0.274002
inner_D20x5,8,2.0,26,501,49.81,0.3109,6.8364e-05,300,20.0,14.634,10.348,62.63,0.274002
inner_D20x5,8,2.0,26,501,49.81,0.3109,6.8364e-05,330,22.0,16.097,11.382,70.23,0.274002
inner_D20x5,8,2.0,26,501,49.81,0.3109,6.8364e-05,360,24.0,17.56,12.417,77.83,0.274002
inner_D20x5,8,2.0,26,501,49.81,0.3109,6.8364e-05,390,26.0,19.024,13.452,85.42,0.274002
inner_D20x5,8,2.0,26,501,49.81,0.3109,6.8364e-05,420,28.0,20.487,14.487,93.02,0.274002
inner_D20x5,8,2.0,26,501,49.81,0.3109,6.8364e-05,450,30.0,21.95,15.521,100.62,0.274002
inner_D20x5,8,2.0,26,501,49.81,0.3109,6.8364e-05,480,32.0,23.414,16.556,108.22,0.274002
inner_D20x5,8,2.0,26,501,49.81,0.3109,6.8364e-05,510,34.0,24.877,17.591,115.82,0.274002
inner_D20x5,8,2.0,26,501,49.81,0.3109,6.8364e-05,540,36.0,26.341,18.626,123.41,0.274002
inner_D20x5,8,2.0,26,501,49.81,0.3109,6.8364e-05,570,38.0,27.804,19.66,131.01,0.274002
inner_D20x5,8,2.0,26,501,49.81,0.3109,6.8364e-05,600,40.0,29.267,20.695,138.61,0.274002
inner_D20x5,8,3.0,28,838,133.58,0.286,6.2895e-05,60,4.0,4.504,3.185,6.44,0.421646
inner_D20x5,8,3.0,28,838,133.58,0.286,6.2895e-05,90,6.0,6.756,4.777,13.93,0.421646
inner_D20x5,8,3.0,28,838,133.58,0.286,6.2895e-05,120,8.0,9.008,6.369,21.43,0.421646
inner_D20x5,8,3.0,28,838,133.58,0.286,6.2895e-05,150,10.0,11.259,7.962,28.93,0.421646
inner_D20x5,8,3.0,28,838,133.58,0.286,6.2895e-05,180,12.0,13.511,9.554,36.43,0.421646
inner_D20x5,8,3.0,28,838,133.58,0.286,6.2895e-05,210,14.0,15.763,11.146,43.93,0.421646
inner_D20x5,8,3.0,28,838,133.58,0.286,6.2895e-05,240,16.0,18.015,12.739,51.43,0.421646
inner_D20x5,8,3.0,28,838,133.58,0.286,6.2895e-05,270,18.0,20.267,14.331,58.93,0.421646
inner_D20x5,8,3.0,28,838,133.58,0.286,6.2895e-05,300,20.0,22.519,15.923,66.42,0.421646
inner_D20x5,8,3.0,28,838,133.58,0.286,6.2895e-05,330,22.0,24.771,17.516,73.92,0.421646
inner_D20x5,8,3.0,28,838,133.58,0.286,6.2895e-05,360,24.0,27.023,19.108,81.42,0.421646
inner_D20x5,8,3.0,28,838,133.58,0.286,6.2895e-05,390,26.0,29.275,20.7,88.92,0.421646
inner_D20x5,8,3.0,28,838,133.58,0.286,6.2895e-05,420,28.0,31.526,22.293,96.42,0.421646
inner_D20x5,8,3.0,28,838,133.58,0.286,6.2895e-05,450,30.0,33.778,23.885,103.92,0.421646
inner_D20x5,8,3.0,28,838,133.58,0.286,6.2895e-05,480,32.0,36.03,25.477,111.42,0.421646
inner_D20x5,8,3.0,28,838,133.58,0.286,6.2895e-05,510,34.0,38.282,27.07,118.91,0.421646
inner_D20x5,8,3.0,28,838,133.58,0.286,6.2895e-05,540,36.0,40.534,28.662,126.41,0.421646
inner_D20x5,8,3.0,28,838,133.58,0.286,6.2895e-05,570,38.0,42.786,30.254,133.91,0.421646
inner_D20x5,8,3.0,28,838,133.58,0.286,6.2895e-05,600,40.0,45.038,31.847,141.41,0.421646
inner_D20x5,8,3.0,26,501,50.23,0.286,6.2895e-05,60,4.0,2.693,1.904,0.63,0.252082
inner_D20x5,8,3.0,26,501,50.23,0.286,6.2895e-05,90,6.0,4.039,2.856,7.6,0.252082
inner_D20x5,8,3.0,26,501,50.23,0.286,6.2895e-05,120,8.0,5.385,3.808,14.57,0.252082
inner_D20x5,8,3.0,26,501,50.23,0.286,6.2895e-05,150,10.0,6.731,4.76,21.54,0.252082
inner_D20x5,8,3.0,26,501,50.23,0.286,6.2895e-05,180,12.0,8.078,5.712,28.51,0.252082
inner_D20x5,8,3.0,26,501,50.23,0.286,6.2895e-05,210,14.0,9.424,6.664,35.48,0.252082
inner_D20x5,8,3.0,26,501,50.23,0.286,6.2895e-05,240,16.0,10.77,7.616,42.45,0.252082
inner_D20x5,8,3.0,26,501,50.23,0.286,6.2895e-05,270,18.0,12.117,8.568,49.42,0.252082
inner_D20x5,8,3.0,26,501,50.23,0.286,6.2895e-05,300,20.0,13.463,9.52,56.39,0.252082
inner_D20x5,8,3.0,26,501,50.23,0.286,6.2895e-05,330,22.0,14.809,10.472,63.36,0.252082
inner_D20x5,8,3.0,26,501,50.23,0.286,6.2895e-05,360,24.0,16.156,11.424,70.33,0.252082
inner_D20x5,8,3.0,26,501,50.23,0.286,6.2895e-05,390,26.0,17.502,12.376,77.3,0.252082
inner_D20x5,8,3.0,26,501,50.23,0.286,6.2895e-05,420,28.0,18.848,13.328,84.28,0.252082
inner_D20x5,8,3.0,26,501,50.23,0.286,6.2895e-05,450,30.0,20.194,14.28,91.25,0.252082
inner_D20x5,8,3.0,26,501,50.23,0.286,6.2895e-05,480,32.0,21.541,15.232,98.22,0.252082
inner_D20x5,8,3.0,26,501,50.23,0.286,6.2895e-05,510,34.0,22.887,16.184,105.19,0.252082
inner_D20x5,8,3.0,26,501,50.23,0.286,6.2895e-05,540,36.0,24.233,17.136,112.16,0.252082
inner_D20x5,8,3.0,26,501,50.23,0.286,6.2895e-05,570,38.0,25.58,18.088,119.13,0.252082
inner_D20x5,8,3.0,26,501,50.23,0.286,6.2895e-05,600,40.0,26.926,19.039,126.1,0.252082
inner_D3x5,6,1.0,28,838,109.27,0.3405,1.6847e-06,60,3.0,0.068,0.048,0.0,0.008471
inner_D3x5,6,1.0,28,838,109.27,0.3405,1.6847e-06,90,4.5,0.102,0.072,0.0,0.008471
inner_D3x5,6,1.0,28,838,109.27,0.3405,1.6847e-06,120,6.0,0.136,0.096,0.0,0.008471
inner_D3x5,6,1.0,28,838,109.27,0.3405,1.6847e-06,150,7.5,0.17,0.12,0.0,0.008471
inner_D3x5,6,1.0,28,838,109.27,0.3405,1.6847e-06,180,9.0,0.204,0.144,0.0,0.008471
inner_D3x5,6,1.0,28,838,109.27,0.3405,1.6847e-06,210,10.5,0.238,0.168,0.0,0.008471
inner_D3x5,6,1.0,28,838,109.27,0.3405,1.6847e-06,240,12.0,0.271,0.192,0.0,0.008471
inner_D3x5,6,1.0,28,838,109.27,0.3405,1.6847e-06,270,13.5,0.305,0.216,0.0,0.008471
inner_D3x5,6,1.0,28,838,109.27,0.3405,1.6847e-06,300,15.0,0.339,0.24,0.0,0.008471
inner_D3x5,6,1.0,28,838,109.27,0.3405,1.6847e-06,330,16.5,0.373,0.264,0.0,0.008471
inner_D3x5,6,1.0,28,838,109.27,0.3405,1.6847e-06,360,18.0,0.407,0.288,0.0,0.008471
inner_D3x5,6,1.0,28,838,109.27,0.3405,1.6847e-06,390,19.5,0.441,0.312,0.0,0.008471
inner_D3x5,6,1.0,28,838,109.27,0.3405,1.6847e-06,420,21.0,0.475,0.336,0.0,0.008471
inner_D3x5,6,1.0,28,838,109.27,0.3405,1.6847e-06,450,22.5,0.509,0.36,0.0,0.008471
inner_D3x5,6,1.0,28,838,109.27,0.3405,1.6847e-06,480,24.0,0.543,0.384,0.0,0.008471
inner_D3x5,6,1.0,28,838,109.27,0.3405,1.6847e-06,510,25.5,0.577,0.408,0.0,0.008471
inner_D3x5,6,1.0,28,838,109.27,0.3405,1.6847e-06,540,27.0,0.611,0.432,0.0,0.008471
inner_D3x5,6,1.0,28,838,109.27,0.3405,1.6847e-06,570,28.5,0.645,0.456,0.0,0.008471
inner_D3x5,6,1.0,28,838,109.27,0.3405,1.6847e-06,600,30.0,0.679,0.48,0.0,0.008471
inner_D3x5,6,1.0,26,501,41.09,0.3405,1.6847e-06,60,3.0,0.041,0.029,0.0,0.005064
inner_D3x5,6,1.0,26,501,41.09,0.3405,1.6847e-06,90,4.5,0.061,0.043,0.0,0.005064
inner_D3x5,6,1.0,26,501,41.09,0.3405,1.6847e-06,120,6.0,0.081,0.057,0.0,0.005064
inner_D3x5,6,1.0,26,501,41.09,0.3405,1.6847e-06,150,7.5,0.101,0.072,0.0,0.005064
inner_D3x5,6,1.0,26,501,41.09,0.3405,1.6847e-06,180,9.0,0.122,0.086,0.0,0.005064
inner_D3x5,6,1.0,26,501,41.09,0.3405,1.6847e-06,210,10.5,0.142,0.1,0.0,0.005064
inner_D3x5,6,1.0,26,501,41.09,0.3405,1.6847e-06,240,12.0,0.162,0.115,0.0,0.005064
inner_D3x5,6,1.0,26,501,41.09,0.3405,1.6847e-06,270,13.5,0.183,0.129,0.0,0.005064
inner_D3x5,6,1.0,26,501,41.09,0.3405,1.6847e-06,300,15.0,0.203,0.143,0.0,0.005064
inner_D3x5,6,1.0,26,501,41.09,0.3405,1.6847e-06,330,16.5,0.223,0.158,0.0,0.005064
inner_D3x5,6,1.0,26,501,41.09,0.3405,1.6847e-06,360,18.0,0.243,0.172,0.0,0.005064
inner_D3x5,6,1.0,26,501,41.09,0.3405,1.6847e-06,390,19.5,0.264,0.186,0.0,0.005064
inner_D3x5,6,1.0,26,501,41.09,0.3405,1.6847e-06,420,21.0,0.284,0.201,0.0,0.005064
inner_D3x5,6,1.0,26,501,41.09,0.3405,1.6847e-06,450,22.5,0.304,0.215,0.0,0.005064
inner_D3x5,6,1.0,26,501,41.09,0.3405,1.6847e-06,480,24.0,0.325,0.229,0.0,0.005064
inner_D3x5,6,1.0,26,501,41.09,0.3405,1.6847e-06,510,25.5,0.345,0.244,0.0,0.005064
inner_D3x5,6,1.0,26,501,41.09,0.3405,1.6847e-06,540,27.0,0.365,0.258,0.0,0.005064
inner_D3x5,6,1.0,26,501,41.09,0.3405,1.6847e-06,570,28.5,0.385,0.273,0.0,0.005064
inner_D3x5,6,1.0,26,501,41.09,0.3405,1.6847e-06,600,30.0,0.406,0.287,0.0,0.005064
inner_D3x5,6,2.0,28,838,110.39,0.3109,1.5382e-06,60,3.0,0.062,0.044,0.0,0.007734
inner_D3x5,6,2.0,28,838,110.39,0.3109,1.5382e-06,90,4.5,0.093,0.066,0.0,0.007734
inner_D3x5,6,2.0,28,838,110.39,0.3109,1.5382e-06,120,6.0,0.124,0.088,0.0,0.007734
inner_D3x5,6,2.0,28,838,110.39,0.3109,1.5382e-06,150,7.5,0.155,0.11,0.0,0.007734
inner_D3x5,6,2.0,28,838,110.39,0.3109,1.5382e-06,180,9.0,0.186,0.131,0.0,0.007734
inner_D3x5,6,2.0,28,838,110.39,0.3109,1.5382e-06,210,10.5,0.217,0.153,0.0,0.007734
inner_D3x5,6,2.0,28,838,110.39,0.3109,1.5382e-06,240,12.0,0.248,0.175,0.0,0.007734
inner_D3x5,6,2.0,28,838,110.39,0.3109,1.5382e-06,270,13.5,0.279,0.197,0.0,0.007734
inner_D3x5,6,2.0,28,838,110.39,0.3109,1.5382e-06,300,15.0,0.31,0.219,0.0,0.007734
inner_D3x5,6,2.0,28,838,110.39,0.3109,1.5382e-06,330,16.5,0.341,0.241,0.0,0.007734
inner_D3x5,6,2.0,28,838,110.39,0.3109,1.5382e-06,360,18.0,0.372,0.263,0.0,0.007734
inner_D3x5,6,2.0,28,838,110.39,0.3109,1.5382e-06,390,19.5,0.403,0.285,0.0,0.007734
inner_D3x5,6,2.0,28,838,110.39,0.3109,1.5382e-06,420,21.0,0.434,0.307,0.0,0.007734
inner_D3x5,6,2.0,28,838,110.39,0.3109,1.5382e-06,450,22.5,0.465,0.329,0.0,0.007734
inner_D3x5,6,2.0,28,838,110.39,0.3109,1.5382e-06,480,24.0,0.496,0.35,0.0,0.007734
inner_D3x5,6,2.0,28,838,110.39,0.3109,1.5382e-06,510,25.5,0.527,0.372,0.0,0.007734
inner_D3x5,6,2.0,28,838,110.39,0.3109,1.5382e-06,540,27.0,0.558,0.394,0.0,0.007734
inner_D3x5,6,2.0,28,838,110.39,0.3109,1.5382e-06,570,28.5,0.589,0.416,0.0,0.007734
inner_D3x5,6,2.0,28,838,110.39,0.3109,1.5382e-06,600,30.0,0.62,0.438,0.0,0.007734
inner_D3x5,6,2.0,26,501,41.51,0.3109,1.5382e-06,60,3.0,0.037,0.026,0.0,0.004624
inner_D3x5,6,2.0,26,501,41.51,0.3109,1.5382e-06,90,4.5,0.056,0.039,0.0,0.004624
inner_D3x5,6,2.0,26,501,41.51,0.3109,1.5382e-06,120,6.0,0.074,0.052,0.0,0.004624
inner_D3x5,6,2.0,26,501,41.51,0.3109,1.5382e-06,150,7.5,0.093,0.065,0.0,0.004624
inner_D3x5,6,2.0,26,501,41.51,0.3109,1.5382e-06,180,9.0,0.111,0.079,0.0,0.004624
inner_D3x5,6,2.0,26,501,41.51,0.3109,1.5382e-06,210,10.5,0.13,0.092,0.0,0.004624
inner_D3x5,6,2.0,26,501,41.51,0.3109,1.5382e-06,240,12.0,0.148,0.105,0.0,0.004624
inner_D3x5,6,2.0,26,501,41.51,0.3109,1.5382e-06,270,13.5,0.167,0.118,0.0,0.004624
inner_D3x5,6,2.0,26,501,41.51,0.3109,1.5382e-06,300,15.0,0.185,0.131,0.0,0.004624
inner_D3x5,6,2.0,26,501,41.51,0.3109,1.5382e-06,330,16.5,0.204,0.144,0.0,0.004624
inner_D3x5,6,2.0,26,501,41.51,0.3109,1.5382e-06,360,18.0,0.222,0.157,0.0,0.004624
inner_D3x5,6,2.0,26,501,41.51,0.3109,1.5382e-06,390,19.5,0.241,0.17,0.0,0.004624
inner_D3x5,6,2.0,26,501,41.51,0.3109,1.5382e-06,420,21.0,0.259,0.183,0.0,0.004624
inner_D3x5,6,2.0,26,501,41.51,0.3109,1.5382e-06,450,22.5,0.278,0.196,0.0,0.004624
inner_D3x5,6,2.0,26,501,41.51,0.3109,1.5382e-06,480,24.0,0.296,0.21,0.0,0.004624
inner_D3x5,6,2.0,26,501,41.51,0.3109,1.5382e-06,510,25.5,0.315,0.223,0.0,0.004624
inner_D3x5,6,2.0,26,501,41.51,0.3109,1.5382e-06,540,27.0,0.333,0.236,0.0,0.004624
inner_D3x5,6,2.0,26,501,41.51,0.3109,1.5382e-06,570,28.5,0.352,0.249,0.0,0.004624
inner_D3x5,6,2.0,26,501,41.51,0.3109,1.5382e-06,600,30.0,0.37,0.262,0.0,0.004624
inner_D3x5,6,3.0,28,838,111.51,0.286,1.4151e-06,60,3.0,0.057,0.04,0.0,0.007115
inner_D3x5,6,3.0,28,838,111.51,0.286,1.4151e-06,90,4.5,0.086,0.06,0.0,0.007115
inner_D3x5,6,3.0,28,838,111.51,0.286,1.4151e-06,120,6.0,0.114,0.081,0.0,0.007115
inner_D3x5,6,3.0,28,838,111.51,0.286,1.4151e-06,150,7.5,0.143,0.101,0.0,0.007115
inner_D3x5,6,3.0,28,838,111.51,0.286,1.4151e-06,180,9.0,0.171,0.121,0.0,0.007115
inner_D3x5,6,3.0,28,838,111.51,0.286,1.4151e-06,210,10.5,0.2,0.141,0.0,0.007115
inner_D3x5,6,3.0,28,838,111.51,0.286,1.4151e-06,240,12.0,0.228,0.161,0.0,0.007115
inner_D3x5,6,3.0,28,838,111.51,0.286,1.4151e-06,270,13.5,0.257,0.181,0.0,0.007115
inner_D3x5,6,3.0,28,838,111.51,0.286,1.4151e-06,300,15.0,0.285,0.202,0.0,0.007115
inner_D3x5,6,3.0,28,838,111.51,0.286,1.4151e-06,330,16.5,0.314,0.222,0.0,0.007115
inner_D3x5,6,3.0,28,838,111.51,0.286,1.4151e-06,360,18.0,0.342,0.242,0.0,0.007115
inner_D3x5,6,3.0,28,838,111.51,0.286,1.4151e-06,390,19.5,0.371,0.262,0.0,0.007115
inner_D3x5,6,3.0,28,838,111.51,0.286,1.4151e-06,420,21.0,0.399,0.282,0.0,0.007115
inner_D3x5,6,3.0,28,838,111.51,0.286,1.4151e-06,450,22.5,0.428,0.302,0.0,0.007115
inner_D3x5,6,3.0,28,838,111.51,0.286,1.4151e-06,480,24.0,0.456,0.322,0.0,0.007115
inner_D3x5,6,3.0,28,838,111.51,0.286,1.4151e-06,510,25.5,0.485,0.343,0.0,0.007115
inner_D3x5,6,3.0,28,838,111.51,0.286,1.4151e-06,540,27.0,0.513,0.363,0.0,0.007115
inner_D3x5,6,3.0,28,838,111.51,0.286,1.4151e-06,570,28.5,0.542,0.383,0.0,0.007115
inner_D3x5,6,3.0,28,838,111.51,0.286,1.4151e-06,600,30.0,0.57,0.403,0.0,0.007115
inner_D3x5,6,3.0,26,501,41.93,0.286,1.4151e-06,60,3.0,0.034,0.024,0.0,0.004254
inner_D3x5,6,3.0,26,501,41.93,0.286,1.4151e-06,90,4.5,0.051,0.036,0.0,0.004254
inner_D3x5,6,3.0,26,501,41.93,0.286,1.4151e-06,120,6.0,0.068,0.048,0.0,0.004254
inner_D3x5,6,3.0,26,501,41.93,0.286,1.4151e-06,150,7.5,0.085,0.06,0.0,0.004254
inner_D3x5,6,3.0,26,501,41.93,0.286,1.4151e-06,180,9.0,0.102,0.072,0.0,0.004254
inner_D3x5,6,3.0,26,501,41.93,0.286,1.4151e-06,210,10.5,0.119,0.084,0.0,0.004254
inner_D3x5,6,3.0,26,501,41.93,0.286,1.4151e-06,240,12.0,0.136,0.096,0.0,0.004254
inner_D3x5,6,3.0,26,501,41.93,0.286,1.4151e-06,270,13.5,0.153,0.108,0.0,0.004254
inner_D3x5,6,3.0,26,501,41.93,0.286,1.4151e-06,300,15.0,0.17,0.12,0.0,0.004254
inner_D3x5,6,3.0,26,501,41.93,0.286,1.4151e-06,330,16.5,0.187,0.133,0.0,0.004254
inner_D3x5,6,3.0,26,501,41.93,0.286,1.4151e-06,360,18.0,0.204,0.145,0.0,0.004254
inner_D3x5,6,3.0,26,501,41.93,0.286,1.4151e-06,390,19.5,0.222,0.157,0.0,0.004254
inner_D3x5,6,3.0,26,501,41.93,0.286,1.4151e-06,420,21.0,0.239,0.169,0.0,0.004254
inner_D3x5,6,3.0,26,501,41.93,0.286,1.4151e-06,450,22.5,0.256,0.181,0.0,0.004254
inner_D3x5,6,3.0,26,501,41.93,0.286,1.4151e-06,480,24.0,0.273,0.193,0.0,0.004254
inner_D3x5,6,3.0,26,501,41.93,0.286,1.4151e-06,510,25.5,0.29,0.205,0.0,0.004254
inner_D3x5,6,3.0,26,501,41.93,0.286,1.4151e-06,540,27.0,0.307,0.217,0.0,0.004254
inner_D3x5,6,3.0,26,501,41.93,0.286,1.4151e-06,570,28.5,0.324,0.229,0.0,0.004254
inner_D3x5,6,3.0,26,501,41.93,0.286,1.4151e-06,600,30.0,0.341,0.241,0.0,0.004254
inner_D3x5,8,1.0,28,838,131.35,0.3405,1.6847e-06,60,4.0,0.121,0.085,0.0,0.011294
inner_D3x5,8,1.0,28,838,131.35,0.3405,1.6847e-06,90,6.0,0.181,0.128,0.0,0.011294
inner_D3x5,8,1.0,28,838,131.35,0.3405,1.6847e-06,120,8.0,0.241,0.171,0.0,0.011294
inner_D3x5,8,1.0,28,838,131.35,0.3405,1.6847e-06,150,10.0,0.302,0.213,0.0,0.011294
inner_D3x5,8,1.0,28,838,131.35,0.3405,1.6847e-06,180,12.0,0.362,0.256,0.0,0.011294
inner_D3x5,8,1.0,28,838,131.35,0.3405,1.6847e-06,210,14.0,0.422,0.299,0.0,0.011294
inner_D3x5,8,1.0,28,838,131.35,0.3405,1.6847e-06,240,16.0,0.483,0.341,0.0,0.011294
inner_D3x5,8,1.0,28,838,131.35,0.3405,1.6847e-06,270,18.0,0.543,0.384,0.0,0.011294
inner_D3x5,8,1.0,28,838,131.35,0.3405,1.6847e-06,300,20.0,0.603,0.427,0.0,0.011294
inner_D3x5,8,1.0,28,838,131.35,0.3405,1.6847e-06,330,22.0,0.664,0.469,0.0,0.011294
inner_D3x5,8,1.0,28,838,131.35,0.3405,1.6847e-06,360,24.0,0.724,0.512,0.0,0.011294
inner_D3x5,8,1.0,28,838,131.35,0.3405,1.6847e-06,390,26.0,0.784,0.554,0.0,0.011294
inner_D3x5,8,1.0,28,838,131.35,0.3405,1.6847e-06,420,28.0,0.844,0.597,0.0,0.011294
inner_D3x5,8,1.0,28,838,131.35,0.3405,1.6847e-06,450,30.0,0.905,0.64,0.0,0.011294
inner_D3x5,8,1.0,28,838,131.35,0.3405,1.6847e-06,480,32.0,0.965,0.682,0.0,0.011294
inner_D3x5,8,1.0,28,838,131.35,0.3405,1.6847e-06,510,34.0,1.025,0.725,0.0,0.011294
inner_D3x5,8,1.0,28,838,131.35,0.3405,1.6847e-06,540,36.0,1.086,0.768,0.0,0.011294
inner_D3x5,8,1.0,28,838,131.35,0.3405,1.6847e-06,570,38.0,1.146,0.81,0.0,0.011294
inner_D3x5,8,1.0,28,838,131.35,0.3405,1.6847e-06,600,40.0,1.206,0.853,0.0,0.011294
inner_D3x5,8,1.0,26,501,49.39,0.3405,1.6847e-06,60,4.0,0.072,0.051,0.0,0.006752
inner_D3x5,8,1.0,26,501,49.39,0.3405,1.6847e-06,90,6.0,0.108,0.076,0.0,0.006752
inner_D3x5,8,1.0,26,501,49.39,0.3405,1.6847e-06,120,8.0,0.144,0.102,0.0,0.006752
inner_D3x5,8,1.0,26,501,49.39,0.3405,1.6847e-06,150,10.0,0.18,0.127,0.0,0.006752
inner_D3x5,8,1.0,26,501,49.39,0.3405,1.6847e-06,180,12.0,0.216,0.153,0.0,0.006752
inner_D3x5,8,1.0,26,501,49.39,0.3405,1.6847e-06,210,14.0,0.252,0.178,0.0,0.006752
inner_D3x5,8,1.0,26,501,49.39,0.3405,1.6847e-06,240,16.0,0.288,0.204,0.0,0.006752
inner_D3x5,8,1.0,26,501,49.39,0.3405,1.6847e-06,270,18.0,0.325,0.229,0.0,0.006752
inner_D3x5,8,1.0,26,501,49.39,0.3405,1.6847e-06,300,20.0,0.361,0.255,0.0,0.006752
inner_D3x5,8,1.0,26,501,49.39,0.3405,1.6847e-06,330,22.0,0.397,0.28,0.0,0.006752
inner_D3x5,8,1.0,26,501,49.39,0.3405,1.6847e-06,360,24.0,0.433,0.306,0.0,0.006752
inner_D3x5,8,1.0,26,501,49.39,0.3405,1.6847e-06,390,26.0,0.469,0.331,0.0,0.006752
inner_D3x5,8,1.0,26,501,49.39,0.3405,1.6847e-06,420,28.0,0.505,0.357,0.0,0.006752
inner_D3x5,8,1.0,26,501,49.39,0.3405,1.6847e-06,450,30.0,0.541,0.382,0.0,0.006752
inner_D3x5,8,1.0,26,501,49.39,0.3405,1.6847e-06,480,32.0,0.577,0.408,0.0,0.006752
inner_D3x5,8,1.0,26,501,49.39,0.3405,1.6847e-06,510,34.0,0.613,0.433,0.0,0.006752
inner_D3x5,8,1.0,26,501,49.39,0.3405,1.6847e-06,540,36.0,0.649,0.459,0.0,0.006752
inner_D3x5,8,1.0,26,501,49.39,0.3405,1.6847e-06,570,38.0,0.685,0.484,0.0,0.006752
inner_D3x5,8,1.0,26,501,49.39,0.3405,1.6847e-06,600,40.0,0.721,0.51,0.0,0.006752
inner_D3x5,8,2.0,28,838,132.46,0.3109,1.5382e-06,60,4.0,0.11,0.078,0.0,0.010312
inner_D3x5,8,2.0,28,838,132.46,0.3109,1.5382e-06,90,6.0,0.165,0.117,0.0,0.010312
inner_D3x5,8,2.0,28,838,132.46,0.3109,1.5382e-06,120,8.0,0.22,0.156,0.0,0.010312
inner_D3x5,8,2.0,28,838,132.46,0.3109,1.5382e-06,150,10.0,0.275,0.195,0.0,0.010312
inner_D3x5,8,2.0,28,838,132.46,0.3109,1.5382e-06,180,12.0,0.33,0.234,0.0,0.010312
inner_D3x5,8,2.0,28,838,132.46,0.3109,1.5382e-06,210,14.0,0.386,0.273,0.0,0.010312
inner_D3x5,8,2.0,28,838,132.46,0.3109,1.5382e-06,240,16.0,0.441,0.312,0.0,0.010312
inner_D3x5,8,2.0,28,838,132.46,0.3109,1.5382e-06,270,18.0,0.496,0.35,0.0,0.010312
inner_D3x5,8,2.0,28,838,132.46,0.3109,1.5382e-06,300,20.0,0.551,0.389,0.0,0.010312
inner_D3x5,8,2.0,28,838,132.46,0.3109,1.5382e-06,330,22.0,0.606,0.428,0.0,0.010312
inner_D3x5,8,2.0,28,838,132.46,0.3109,1.5382e-06,360,24.0,0.661,0.467,0.0,0.010312
inner_D3x5,8,2.0,28,838,132.46,0.3109,1.5382e-06,390,26.0,0.716,0.506,0.0,0.010312
inner_D3x5,8,2.0,28,838,132.46,0.3109,1.5382e-06,420,28.0,0.771,0.545,0.0,0.010312
inner_D3x5,8,2.0,28,838,132.46,0.3109,1.5382e-06,450,30.0,0.826,0.584,0.0,0.010312
inner_D3x5,8,2.0,28,838,132.46,0.3109,1.5382e-06,480,32.0,0.881,0.623,0.0,0.010312
inner_D3x5,8,2.0,28,838,132.46,0.3109,1.5382e-06,510,34.0,0.936,0.662,0.0,0.010312
inner_D3x5,8,2.0,28,838,132.46,0.3109,1.5382e-06,540,36.0,0.991,0.701,0.0,0.010312
inner_D3x5,8,2.0,28,838,132.46,0.3109,1.5382e-06,570,38.0,1.046,0.74,0.0,0.010312
inner_D3x5,8,2.0,28,838,132.46,0.3109,1.5382e-06,600,40.0,1.101,0.779,0.0,0.010312
inner_D3x5,8,2.0,26,501,49.81,0.3109,1.5382e-06,60,4.0,0.066,0.047,0.0,0.006165
inner_D3x5,8,2.0,26,501,49.81,0.3109,1.5382e-06,90,6.0,0.099,0.07,0.0,0.006165
inner_D3x5,8,2.0,26,501,49.81,0.3109,1.5382e-06,120,8.0,0.132,0.093,0.0,0.006165
inner_D3x5,8,2.0,26,501,49.81,0.3109,1.5382e-06,150,10.0,0.165,0.116,0.0,0.006165
inner_D3x5,8,2.0,26,501,49.81,0.3109,1.5382e-06,180,12.0,0.198,0.14,0.0,0.006165
inner_D3x5,8,2.0,26,501,49.81,0.3109,1.5382e-06,210,14.0,0.23,0.163,0.0,0.006165
inner_D3x5,8,2.0,26,501,49.81,0.3109,1.5382e-06,240,16.0,0.263,0.186,0.0,0.006165
inner_D3x5,8,2.0,26,501,49.81,0.3109,1.5382e-06,270,18.0,0.296,0.21,0.0,0.006165
inner_D3x5,8,2.0,26,501,49.81,0.3109,1.5382e-06,300,20.0,0.329,0.233,0.0,0.006165
inner_D3x5,8,2.0,26,501,49.81,0.3109,1.5382e-06,330,22.0,0.362,0.256,0.0,0.006165
inner_D3x5,8,2.0,26,501,49.81,0.3109,1.5382e-06,360,24.0,0.395,0.279,0.0,0.006165
inner_D3x5,8,2.0,26,501,49.81,0.3109,1.5382e-06,390,26.0,0.428,0.303,0.0,0.006165
inner_D3x5,8,2.0,26,501,49.81,0.3109,1.5382e-06,420,28.0,0.461,0.326,0.0,0.006165
inner_D3x5,8,2.0,26,501,49.81,0.3109,1.5382e-06,450,30.0,0.494,0.349,0.0,0.006165
inner_D3x5,8,2.0,26,501,49.81,0.3109,1.5382e-06,480,32.0,0.527,0.373,0.0,0.006165
inner_D3x5,8,2.0,26,501,49.81,0.3109,1.5382e-06,510,34.0,0.56,0.396,0.0,0.006165
inner_D3x5,8,2.0,26,501,49.81,0.3109,1.5382e-06,540,36.0,0.593,0.419,0.0,0.006165
inner_D3x5,8,2.0,26,501,49.81,0.3109,1.5382e-06,570,38.0,0.626,0.442,0.0,0.006165
inner_D3x5,8,2.0,26,501,49.81,0.3109,1.5382e-06,600,40.0,0.659,0.466,0.0,0.006165
inner_D3x5,8,3.0,28,838,133.58,0.286,1.4151e-06,60,4.0,0.101,0.072,0.0,0.009487
inner_D3x5,8,3.0,28,838,133.58,0.286,1.4151e-06,90,6.0,0.152,0.107,0.0,0.009487
inner_D3x5,8,3.0,28,838,133.58,0.286,1.4151e-06,120,8.0,0.203,0.143,0.0,0.009487
inner_D3x5,8,3.0,28,838,133.58,0.286,1.4151e-06,150,10.0,0.253,0.179,0.0,0.009487
inner_D3x5,8,3.0,28,838,133.58,0.286,1.4151e-06,180,12.0,0.304,0.215,0.0,0.009487
inner_D3x5,8,3.0,28,838,133.58,0.286,1.4151e-06,210,14.0,0.355,0.251,0.0,0.009487
inner_D3x5,8,3.0,28,838,133.58,0.286,1.4151e-06,240,16.0,0.405,0.287,0.0,0.009487
inner_D3x5,8,3.0,28,838,133.58,0.286,1.4151e-06,270,18.0,0.456,0.322,0.0,0.009487
inner_D3x5,8,3.0,28,838,133.58,0.286,1.4151e-06,300,20.0,0.507,0.358,0.0,0.009487
inner_D3x5,8,3.0,28,838,133.58,0.286,1.4151e-06,330,22.0,0.557,0.394,0.0,0.009487
inner_D3x5,8,3.0,28,838,133.58,0.286,1.4151e-06,360,24.0,0.608,0.43,0.0,0.009487
inner_D3x5,8,3.0,28,838,133.58,0.286,1.4151e-06,390,26.0,0.659,0.466,0.0,0.009487
inner_D3x5,8,3.0,28,838,133.58,0.286,1.4151e-06,420,28.0,0.709,0.502,0.0,0.009487
inner_D3x5,8,3.0,28,838,133.58,0.286,1.4151e-06,450,30.0,0.76,0.537,0.0,0.009487
inner_D3x5,8,3.0,28,838,133.58,0.286,1.4151e-06,480,32.0,0.811,0.573,0.0,0.009487
inner_D3x5,8,3.0,28,838,133.58,0.286,1.4151e-06,510,34.0,0.861,0.609,0.0,0.009487
inner_D3x5,8,3.0,28,838,133.58,0.286,1.4151e-06,540,36.0,0.912,0.645,0.0,0.009487
inner_D3x5,8,3.0,28,838,133.58,0.286,1.4151e-06,570,38.0,0.963,0.681,0.0,0.009487
inner_D3x5,8,3.0,28,838,133.58,0.286,1.4151e-06,600,40.0,1.013,0.717,0.0,0.009487
inner_D3x5,8,3.0,26,501,50.23,0.286,1.4151e-06,60,4.0,0.061,0.043,0.0,0.005672
inner_D3x5,8,3.0,26,501,50.23,0.286,1.4151e-06,90,6.0,0.091,0.064,0.0,0.005672
inner_D3x5,8,3.0,26,501,50.23,0.286,1.4151e-06,120,8.0,0.121,0.086,0.0,0.005672
inner_D3x5,8,3.0,26,501,50.23,0.286,1.4151e-06,150,10.0,0.151,0.107,0.0,0.005672
inner_D3x5,8,3.0,26,501,50.23,0.286,1.4151e-06,180,12.0,0.182,0.129,0.0,0.005672
inner_D3x5,8,3.0,26,501,50.23,0.286,1.4151e-06,210,14.0,0.212,0.15,0.0,0.005672
inner_D3x5,8,3.0,26,501,50.23,0.286,1.4151e-06,240,16.0,0.242,0.171,0.0,0.005672
inner_D3x5,8,3.0,26,501,50.23,0.286,1.4151e-06,270,18.0,0.273,0.193,0.0,0.005672
inner_D3x5,8,3.0,26,501,50.23,0.286,1.4151e-06,300,20.0,0.303,0.214,0.0,0.005672
inner_D3x5,8,3.0,26,501,50.23,0.286,1.4151e-06,330,22.0,0.333,0.236,0.0,0.005672
inner_D3x5,8,3.0,26,501,50.23,0.286,1.4151e-06,360,24.0,0.363,0.257,0.0,0.005672
inner_D3x5,8,3.0,26,501,50.23,0.286,1.4151e-06,390,26.0,0.394,0.278,0.0,0.005672
inner_D3x5,8,3.0,26,501,50.23,0.286,1.4151e-06,420,28.0,0.424,0.3,0.0,0.005672
inner_D3x5,8,3.0,26,501,50.23,0.286,1.4151e-06,450,30.0,0.454,0.321,0.0,0.005672
inner_D3x5,8,3.0,26,501,50.23,0.286,1.4151e-06,480,32.0,0.485,0.343,0.0,0.005672
inner_D3x5,8,3.0,26,501,50.23,0.286,1.4151e-06,510,34.0,0.515,0.364,0.0,0.005672
inner_D3x5,8,3.0,26,501,50.23,0.286,1.4151e-06,540,36.0,0.545,0.386,0.0,0.005672
inner_D3x5,8,3.0,26,501,50.23,0.286,1.4151e-06,570,38.0,0.576,0.407,0.0,0.005672
inner_D3x5,8,3.0,26,501,50.23,0.286,1.4151e-06,600,40.0,0.606,0.428,0.0,0.005672
inner_D3x5,10,1.0,28,838,153.42,0.3405,1.6847e-06,60,5.0,0.188,0.133,0.0,0.014118
inner_D3x5,10,1.0,28,838,153.42,0.3405,1.6847e-06,90,7.5,0.283,0.2,0.0,0.014118
inner_D3x5,10,1.0,28,838,153.42,0.3405,1.6847e-06,120,10.0,0.377,0.267,0.0,0.014118
inner_D3x5,10,1.0,28,838,153.42,0.3405,1.6847e-06,150,12.5,0.471,0.333,0.0,0.014118
inner_D3x5,10,1.0,28,838,153.42,0.3405,1.6847e-06,180,15.0,0.565,0.4,0.0,0.014118
inner_D3x5,10,1.0,28,838,153.42,0.3405,1.6847e-06,210,17.5,0.66,0.467,0.0,0.014118
inner_D3x5,10,1.0,28,838,153.42,0.3405,1.6847e-06,240,20.0,0.754,0.533,0.0,0.014118
inner_D3x5,10,1.0,28,838,153.42,0.3405,1.6847e-06,270,22.5,0.848,0.6,0.0,0.014118
inner_D3x5,10,1.0,28,838,153.42,0.3405,1.6847e-06,300,25.0,0.942,0.666,0.0,0.014118
inner_D3x5,10,1.0,28,838,153.42,0.3405,1.6847e-06,330,27.5,1.037,0.733,0.0,0.014118
inner_D3x5,10,1.0,28,838,153.42,0.3405,1.6847e-06,360,30.0,1.131,0.8,0.0,0.014118
inner_D3x5,10,1.0,28,838,153.42,0.3405,1.6847e-06,390,32.5,1.225,0.866,0.0,0.014118
inner_D3x5,10,1.0,28,838,153.42,0.3405,1.6847e-06,420,35.0,1.319,0.933,0.0,0.014118
inner_D3x5,10,1.0,28,838,153.42,0.3405,1.6847e-06,450,37.5,1.414,1.0,0.0,0.014118
inner_D3x5,10,1.0,28,838,153.42,0.3405,1.6847e-06,480,40.0,1.508,1.066,0.0,0.014118
inner_D3x5,10,1.0,28,838,153.42,0.3405,1.6847e-06,510,42.5,1.602,1.133,0.0,0.014118
inner_D3x5,10,1.0,28,838,153.42,0.3405,1.6847e-06,540,45.0,1.696,1.2,0.0,0.014118
inner_D3x5,10,1.0,28,838,153.42,0.3405,1.6847e-06,570,47.5,1.791,1.266,0.0,0.014118
inner_D3x5,10,1.0,28,838,153.42,0.3405,1.6847e-06,600,50.0,1.885,1.333,0.0,0.014118
inner_D3x5,10,1.0,26,501,57.68,0.3405,1.6847e-06,60,5.0,0.113,0.08,0.0,0.00844
inner_D3x5,10,1.0,26,501,57.68,0.3405,1.6847e-06,90,7.5,0.169,0.12,0.0,0.00844
inner_D3x5,10,1.0,26,501,57.68,0.3405,1.6847e-06,120,10.0,0.225,0.159,0.0,0.00844
inner_D3x5,10,1.0,26,501,57.68,0.3405,1.6847e-06,150,12.5,0.282,0.199,0.0,0.00844
inner_D3x5,10,1.0,26,501,57.68,0.3405,1.6847e-06,180,15.0,0.338,0.239,0.0,0.00844
inner_D3x5,10,1.0,26,501,57.68,0.3405,1.6847e-06,210,17.5,0.394,0.279,0.0,0.00844
inner_D3x5,10,1.0,26,501,57.68,0.3405,1.6847e-06,240,20.0,0.451,0.319,0.0,0.00844
inner_D3x5,10,1.0,26,501,57.68,0.3405,1.6847e-06,270,22.5,0.507,0.359,0.0,0.00844
inner_D3x5,10,1.0,26,501,57.68,0.3405,1.6847e-06,300,25.0,0.563,0.398,0.0,0.00844
inner_D3x5,10,1.0,26,501,57.68,0.3405,1.6847e-06,330,27.5,0.62,0.438,0.0,0.00844
inner_D3x5,10,1.0,26,501,57.68,0.3405,1.6847e-06,360,30.0,0.676,0.478,0.0,0.00844
inner_D3x5,10,1.0,26,501,57.68,0.3405,1.6847e-06,390,32.5,0.732,0.518,0.0,0.00844
inner_D3x5,10,1.0,26,501,57.68,0.3405,1.6847e-06,420,35.0,0.789,0.558,0.0,0.00844
inner_D3x5,10,1.0,26,501,57.68,0.3405,1.6847e-06,450,37.5,0.845,0.598,0.0,0.00844
inner_D3x5,10,1.0,26,501,57.68,0.3405,1.6847e-06,480,40.0,0.902,0.637,0.0,0.00844
inner_D3x5,10,1.0,26,501,57.68,0.3405,1.6847e-06,510,42.5,0.958,0.677,0.0,0.00844
inner_D3x5,10,1.0,26,501,57.68,0.3405,1.6847e-06,540,45.0,1.014,0.717,0.0,0.00844
inner_D3x5,10,1.0,26,501,57.68,0.3405,1.6847e-06,570,47.5,1.071,0.757,0.0,0.00844
inner_D3x5,10,1.0,26,501,57.68,0.3405,1.6847e-06,600,50.0,1.127,0.797,0.0,0.00844
inner_D3x5,10,2.0,28,838,154.54,0.3109,1.5382e-06,60,5.0,0.172,0.122,0.0,0.01289
inner_D3x5,10,2.0,28,838,154.54,0.3109,1.5382e-06,90,7.5,0.258,0.183,0.0,0.01289
inner_D3x5,10,2.0,28,838,154.54,0.3109,1.5382e-06,120,10.0,0.344,0.243,0.0,0.01289
inner_D3x5,10,2.0,28,838,154.54,0.3109,1.5382e-06,150,12.5,0.43,0.304,0.0,0.01289
inner_D3x5,10,2.0,28,838,154.54,0.3109,1.5382e-06,180,15.0,0.516,0.365,0.0,0.01289
inner_D3x5,10,2.0,28,838,154.54,0.3109,1.5382e-06,210,17.5,0.602,0.426,0.0,0.01289
inner_D3x5,10,2.0,28,838,154.54,0.3109,1.5382e-06,240,20.0,0.688,0.487,0.0,0.01289
inner_D3x5,10,2.0,28,838,154.54,0.3109,1.5382e-06,270,22.5,0.774,0.548,0.0,0.01289
inner_D3x5,10,2.0,28,838,154.54,0.3109,1.5382e-06,300,25.0,0.861,0.608,0.0,0.01289
inner_D3x5,10,2.0,28,838,154.54,0.3109,1.5382e-06,330,27.5,0.947,0.669,0.0,0.01289
inner_D3x5,10,2.0,28,838,154.54,0.3109,1.5382e-06,360,30.0,1.033,0.73,0.0,0.01289
inner_D3x5,10,2.0,28,838,154.54,0.3109,1.5382e-06,390,32.5,1.119,0.791,0.0,0.01289
inner_D3x5,10,2.0,28,838,154.54,0.3109,1.5382e-06,420,35.0,1.205,0.852,0.0,0.01289
inner_D3x5,10,2.0,28,838,154.54,0.3109,1.5382e-06,450,37.5,1.291,0.913,0.0,0.01289
inner_D3x5,10,2.0,28,838,154.54,0.3109,1.5382e-06,480,40.0,1.377,0.974,0.0,0.01289
inner_D3x5,10,2.0,28,838,154.54,0.3109,1.5382e-06,510,42.5,1.463,1.034,0.0,0.01289
inner_D3x5,10,2.0,28,838,154.54,0.3109,1.5382e-06,540,45.0,1.549,1.095,0.0,0.01289
inner_D3x5,10,2.0,28,838,154.54,0.3109,1.5382e-06,570,47.5,1.635,1.156,0.0,0.01289
inner_D3x5,10,2.0,28,838,154.54,0.3109,1.5382e-06,600,50.0,1.721,1.217,0.0,0.01289
inner_D3x5,10,2.0,26,501,58.1,0.3109,1.5382e-06,60,5.0,0.103,0.073,0.0,0.007706
inner_D3x5,10,2.0,26,501,58.1,0.3109,1.5382e-06,90,7.5,0.154,0.109,0.0,0.007706
inner_D3x5,10,2.0,26,501,58.1,0.3109,1.5382e-06,120,10.0,0.206,0.146,0.0,0.007706
inner_D3x5,10,2.0,26,501,58.1,0.3109,1.5382e-06,150,12.5,0.257,0.182,0.0,0.007706
inner_D3x5,10,2.0,26,501,58.1,0.3109,1.5382e-06,180,15.0,0.309,0.218,0.0,0.007706
inner_D3x5,10,2.0,26,501,58.1,0.3109,1.5382e-06,210,17.5,0.36,0.255,0.0,0.007706
inner_D3x5,10,2.0,26,501,58.1,0.3109,1.5382e-06,240,20.0,0.412,0.291,0.0,0.007706
inner_D3x5,10,2.0,26,501,58.1,0.3109,1.5382e-06,270,22.5,0.463,0.327,0.0,0.007706
inner_D3x5,10,2.0,26,501,58.1,0.3109,1.5382e-06,300,25.0,0.514,0.364,0.0,0.007706
inner_D3x5,10,2.0,26,501,58.1,0.3109,1.5382e-06,330,27.5,0.566,0.4,0.0,0.007706
inner_D3x5,10,2.0,26,501,58.1,0.3109,1.5382e-06,360,30.0,0.617,0.437,0.0,0.007706
inner_D3x5,10,2.0,26,501,58.1,0.3109,1.5382e-06,390,32.5,0.669,0.473,0.0,0.007706
inner_D3x5,10,2.0,26,501,58.1,0.3109,1.5382e-06,420,35.0,0.72,0.509,0.0,0.007706
inner_D3x5,10,2.0,26,501,58.1,0.3109,1.5382e-06,450,37.5,0.772,0.546,0.0,0.007706
inner_D3x5,10,2.0,26,501,58.1,0.3109,1.5382e-06,480,40.0,0.823,0.582,0.0,0.007706
inner_D3x5,10,2.0,26,501,58.1,0.3109,1.5382e-06,510,42.5,0.875,0.618,0.0,0.007706
inner_D3x5,10,2.0,26,501,58.1,0.3109,1.5382e-06,540,45.0,0.926,0.655,0.0,0.007706
inner_D3x5,10,2.0,26,501,58.1,0.3109,1.5382e-06,570,47.5,0.977,0.691,0.0,0.007706
inner_D3x5,10,2.0,26,501,58.1,0.3109,1.5382e-06,600,50.0,1.029,0.728,0.0,0.007706
inner_D3x5,10,3.0,28,838,155.65,0.286,1.4151e-06,60,5.0,0.158,0.112,0.0,0.011859
inner_D3x5,10,3.0,28,838,155.65,0.286,1.4151e-06,90,7.5,0.238,0.168,0.0,0.011859
inner_D3x5,10,3.0,28,838,155.65,0.286,1.4151e-06,120,10.0,0.317,0.224,0.0,0.011859
inner_D3x5,10,3.0,28,838,155.65,0.286,1.4151e-06,150,12.5,0.396,0.28,0.0,0.011859
inner_D3x5,10,3.0,28,838,155.65,0.286,1.4151e-06,180,15.0,0.475,0.336,0.0,0.011859
inner_D3x5,10,3.0,28,838,155.65,0.286,1.4151e-06,210,17.5,0.554,0.392,0.0,0.011859
inner_D3x5,10,3.0,28,838,155.65,0.286,1.4151e-06,240,20.0,0.633,0.448,0.0,0.011859
inner_D3x5,10,3.0,28,838,155.65,0.286,1.4151e-06,270,22.5,0.713,0.504,0.0,0.011859
inner_D3x5,10,3.0,28,838,155.65,0.286,1.4151e-06,300,25.0,0.792,0.56,0.0,0.011859
inner_D3x5,10,3.0,28,838,155.65,0.286,1.4151e-06,330,27.5,0.871,0.616,0.0,0.011859
inner_D3x5,10,3.0,28,838,155.65,0.286,1.4151e-06,360,30.0,0.95,0.672,0.0,0.011859
inner_D3x5,10,3.0,28,838,155.65,0.286,1.4151e-06,390,32.5,1.029,0.728,0.0,0.011859
inner_D3x5,10,3.0,28,838,155.65,0.286,1.4151e-06,420,35.0,1.108,0.784,0.0,0.011859
inner_D3x5,10,3.0,28,838,155.65,0.286,1.4151e-06,450,37.5,1.188,0.84,0.0,0.011859
inner_D3x5,10,3.0,28,838,155.65,0.286,1.4151e-06,480,40.0,1.267,0.896,0.0,0.011859
inner_D3x5,10,3.0,28,838,155.65,0.286,1.4151e-06,510,42.5,1.346,0.952,0.0,0.011859
inner_D3x5,10,3.0,28,838,155.65,0.286,1.4151e-06,540,45.0,1.425,1.008,0.0,0.011859
inner_D3x5,10,3.0,28,838,155.65,0.286,1.4151e-06,570,47.5,1.504,1.064,0.0,0.011859
inner_D3x5,10,3.0,28,838,155.65,0.286,1.4151e-06,600,50.0,1.583,1.12,0.0,0.011859
inner_D3x5,10,3.0,26,501,58.53,0.286,1.4151e-06,60,5.0,0.095,0.067,0.0,0.00709
inner_D3x5,10,3.0,26,501,58.53,0.286,1.4151e-06,90,7.5,0.142,0.1,0.0,0.00709
inner_D3x5,10,3.0,26,501,58.53,0.286,1.4151e-06,120,10.0,0.189,0.134,0.0,0.00709
inner_D3x5,10,3.0,26,501,58.53,0.286,1.4151e-06,150,12.5,0.237,0.167,0.0,0.00709
inner_D3x5,10,3.0,26,501,58.53,0.286,1.4151e-06,180,15.0,0.284,0.201,0.0,0.00709
inner_D3x5,10,3.0,26,501,58.53,0.286,1.4151e-06,210,17.5,0.331,0.234,0.0,0.00709
inner_D3x5,10,3.0,26,501,58.53,0.286,1.4151e-06,240,20.0,0.379,0.268,0.0,0.00709
inner_D3x5,10,3.0,26,501,58.53,0.286,1.4151e-06,270,22.5,0.426,0.301,0.0,0.00709
inner_D3x5,10,3.0,26,501,58.53,0.286,1.4151e-06,300,25.0,0.473,0.335,0.0,0.00709
inner_D3x5,10,3.0,26,501,58.53,0.286,1.4151e-06,330,27.5,0.521,0.368,0.0,0.00709
inner_D3x5,10,3.0,26,501,58.53,0.286,1.4151e-06,360,30.0,0.568,0.402,0.0,0.00709
inner_D3x5,10,3.0,26,501,58.53,0.286,1.4151e-06,390,32.5,0.615,0.435,0.0,0.00709
inner_D3x5,10,3.0,26,501,58.53,0.286,1.4151e-06,420,35.0,0.663,0.469,0.0,0.00709
inner_D3x5,10,3.0,26,501,58.53,0.286,1.4151e-06,450,37.5,0.71,0.502,0.0,0.00709
inner_D3x5,10,3.0,26,501,58.53,0.286,1.4151e-06,480,40.0,0.757,0.535,0.0,0.00709
inner_D3x5,10,3.0,26,501,58.53,0.286,1.4151e-06,510,42.5,0.805,0.569,0.0,0.00709
inner_D3x5,10,3.0,26,501,58.53,0.286,1.4151e-06,540,45.0,0.852,0.602,0.0,0.00709
inner_D3x5,10,3.0,26,501,58.53,0.286,1.4151e-06,570,47.5,0.899,0.636,0.0,0.00709
inner_D3x5,10,3.0,26,501,58.53,0.286,1.4151e-06,600,50.0,0.947,0.669,0.0,0.00709
